Date,ADESE.IS,AEFES.IS,AGHOL.IS,AKBNK.IS,AKSA.IS,AKSEN.IS,ALARK.IS,ALGYO.IS,ALKÄ°M.IS,ARCLK.IS,ARDYZ.IS,ASELS.IS,AYDEM.IS,BASGZ.IS,BERA.IS,BIMAS.IS,BIOEN.IS,BRISA.IS,BRYAT.IS,CANTE.IS,CCOLA.IS,CEMAS.IS,CIMSA.IS,DOAS.IS,DOHOL.IS,ECILC.IS,EGEEN.IS,EKGYO.IS,ENJSA.IS,ENKAI.IS,ERBOS.IS,EREGL.IS,ESEN.IS,FROTO.IS,GARAN.IS,GENIL.IS,GESAN.IS,GLYHO.IS,GOZDE.IS,GUBRF.IS,HALKB.IS,HEKTS.IS,INDES.IS,IPEKE.IS,ISCTR.IS,ISDMR.IS,ISFIN.IS,ISGYO.IS,ISMEN.IS,IZMDC.IS,KARSN.IS,KARTN.IS,KCHOL.IS,KERVT.IS,KORDS.IS,KOZAA.IS,KOZAL.IS,KRDMD.IS,KRVGD.IS,LOGO.IS,MAVI.IS,MGROS.IS,NTHOL.IS,ODAS.IS,OTKAR.IS,OYAKC.IS,PARSN.IS,PETKM.IS,PGSUS.IS,QUAGR.IS,RTALB.IS,SAHOL.IS,SARKY.IS,SASA.IS,SELEC.IS,SISE.IS,SKBNK.IS,SOKM.IS,TAVHL.IS,TCELL.IS,THYAO.IS,TKFEN.IS,TKNSA.IS,TOASO.IS,TRGYO.IS,TSKB.IS,TTKOM.IS,TTRAK.IS,TUPRS.IS,TURSG.IS,ULKER.IS,VAKBN.IS,VERUS.IS,VESBE.IS,VESTL.IS,YATAS.IS,YKBNK.IS,ZRGYO.IS
2022-05-22,-0.025974001846660322,-0.020178934885506816,-0.07729213128591317,-0.0254545500784209,-0.029472851279538803,0.04668171843298263,-0.003706463423514106,-0.036307701697716355,0.0,-0.012099622407417687,0.18446597896564865,-0.00783965178591306,-0.06256977406442688,0.0,-0.01771662678359731,-0.016523849012561764,0.0,-0.05509475105087791,-0.06177904569711934,0.1644737490161312,-0.009159190335286116,-0.04761900256640572,-0.02260978282592685,-0.04885497347999168,-0.06561679179499824,-0.05289427310007744,-0.05527155616832635,-0.02230481096775072,0.017908309406651224,-0.000645180429021619,-0.05565212523719676,-0.04963232114515714,0.0,-0.03014184397163122,0.08477973747393519,0.0,0.0,0.1802720956035777,-0.047169768882415086,0.030503917451166984,-0.05166055458800034,0.18434781613557227,-0.009677466434429793,-0.004807619124471918,-0.014822069722572051,-0.06509298120238283,-0.029177691154468333,0.013758115467789045,-0.008620612993014531,-0.12056734830427318,0.056285214827220376,-0.000794269046140883,-0.015010300867468462,-0.0328541788854152,-0.06389626682086813,-0.07172501076628712,0.0,-0.10784942116808272,0.0,-0.043209870393574046,-0.04795031243017711,0.0009578763681779012,0.0394295523507191,-0.02880665421330264,-0.019458113045528025,-0.12551606500263224,-0.06085529738378481,-0.08965516075003344,0.04193034302517917,-0.05759158643830886,-0.03648646186493254,0.023328088866424013,-0.06161615746453386,-0.04700851914166515,0.004480915937564056,-0.014713299521339374,0.10091744122626767,-0.04794009925356235,0.007263904179236391,-0.05912080343898529,0.008945411304381423,-0.03240746146130569,-0.05614974267686823,-0.05588038457305633,-0.03980101656463497,0.06043950105804785,-0.030205034824028032,-0.017233950430040168,-0.03200629124250376,-0.014989329875327972,-0.028481000242583376,-0.04842616032488656,0.039090909343261426,-0.030558493147081256,-0.021705406298538565,0.0007490132431915431,-0.04835170501240715,0.0
2022-05-29,-0.013333320617675781,-0.023272705078124956,0.031466428999664675,0.002487619136637642,0.16231822979113875,0.06233207233165072,0.036458388399630115,0.045976968095148285,0.0,0.13544670488766042,-0.05737703444335551,0.03160664142458014,0.0488676794558669,0.0,-0.0030059476215960057,0.017423743686781457,0.0,0.025078406080747184,0.015027322404371546,-0.005649738822560368,0.05788592032326112,0.0333333002196432,0.08922666342261931,0.07784915486697508,0.07022471210827019,0.040065254951385354,0.005411580862316523,-0.01901147853960916,-0.01266715726196821,0.006455771661189491,0.020257808125095256,0.059961334071677586,0.0,0.04241318502199487,-0.10652956770792577,0.0,0.0,-0.040345851224746654,0.011138632851200647,-0.029600971849398694,0.08949417317037622,0.06975035368923876,-0.047438795967568725,-0.03285025507792394,0.019057051695795746,0.07115534253180322,0.030054615441589272,-0.016428538731166342,-0.03487580063360374,0.016129016752173708,0.2202486227198419,-0.0015898614688779622,0.03468207165516657,-0.0021231908282043355,0.08496413911572231,-0.04916982832644168,0.03404254328056466,0.03218889599221675,0.0,-0.009925501706059436,-0.008872658026599312,0.04258379489193764,0.021791726925565857,0.09322035524976013,0.06254708242835294,0.04815866114574208,-0.0017512423097826302,0.033549829793900976,0.01746395675818957,0.02619046934247482,-0.011921411366860868,0.02938196202791543,0.006996759560542021,0.055092868391536376,-0.026765774110216523,0.050463483590581726,0.02499997516473229,0.008654575637065287,0.032211543311029045,0.020408137345622412,0.050396635946160506,0.01169597166132097,0.01416429255567353,0.02890569070907789,0.028497444690130935,0.046632142914276864,0.014460524777605066,0.019728188862729867,0.009677394743888623,0.03043475421480002,0.013029303211391063,0.06361316980528842,0.04986874186336121,0.002174029846372161,0.006339138227536623,-0.029191587803064523,0.025404188326233257,0.0
2022-06-05,0.02702700090373522,0.05361126559893026,0.10039485237465451,0.08684860704987729,0.1223551373059435,0.25948398084301116,0.1615218916516461,0.01953611834970781,0.0,0.047588830644294644,0.001739170240319332,0.03574468734416558,0.029545479914373063,0.0,0.07236179818199906,0.07828751762925235,0.0,0.1743119458700304,0.05598919998107332,0.12556812707796694,0.03885806173807782,0.12096772177782578,0.10133495890057098,0.07073715401435088,0.06778317154299174,0.032392939341926885,0.06159918755091587,0.0775194006193709,0.05844623407736016,0.048749269210905055,0.0370171585782173,0.04987832531546954,0.0,0.09154684512366895,0.0590717395790461,0.0,0.0,0.012012000831672864,0.015911886563884536,-0.006631299600549645,0.05535713358193006,0.2182567173495158,0.0907990289609868,0.008991024028971895,0.05118115984653082,0.012857164655412978,0.007957552133036838,0.03848944919042263,0.05402545037625184,-0.007936500427734305,0.0465793561851473,0.08996811751308709,0.043169139584302574,0.04042554573000423,0.1922569699622374,0.046339796136587896,0.029835420447180905,0.03811497154075827,0.0,0.055639030604196504,0.13902053421499372,0.06792104084684536,0.004739369695092366,0.08527133144027754,0.06382978723404253,0.14954953066337762,0.04385964814437848,0.0575916418586524,0.04477611940298498,0.03325594287336098,-0.014194532296181839,0.01181101253556105,0.02725812845505171,0.332726270676986,0.13674560282561532,0.04075433092412584,0.008130073421291018,0.139625585371558,0.06287845480414234,0.02105254532596801,0.0657485351927003,0.04834472112970367,0.06424581675280816,0.04414719801682687,0.026448307279147487,0.09405943515569315,0.08114032679867744,0.024505575230748144,0.09544726229651856,0.014767969418037374,0.025723447821473622,0.03827759110527551,0.0,0.09761380909129702,0.05590551565433888,0.10331536526153706,0.09009011040820591,0.0
2022-06-12,-0.013157882353605488,-0.03533568999855097,0.009738622851287682,-0.0273972334300725,0.004098360655737654,-0.03855418295433355,0.03461059674784095,-0.043113843581429556,0.0,-0.0496669406655863,-0.03125005174014095,-0.04519311317065755,-0.033112602300249705,0.0,0.17150890945614505,-0.0754396036525502,0.0,0.020833312637276835,-0.04613809877427155,0.007067203471547989,0.08320606027850674,-0.028776951269557483,-0.03746558233982189,-0.057023621517523715,0.027918815207329084,-0.045546538871735764,-0.002873063858983005,-0.06834534502727874,-0.047138097303548565,0.17365651766037837,-0.020300114649662637,-0.037079917796148165,0.0,-0.04402317374562659,0.01726422762039581,0.0,0.0,-0.04747770114109828,-0.016867510856088175,-0.01735651569123997,-0.040609099376416435,-0.1295774755343585,-0.07325192349013032,-0.08069311913620147,0.017790349867984556,-0.03949227133741995,-0.023684188236489878,-0.01538463385275679,-0.03567834663732994,-0.04399995803833012,0.022253107946978545,-0.006574097418622915,-0.06718602758542302,0.04294479424963615,0.008302596985333421,-0.11360715742983918,-0.07142858344580261,-0.06608808550072998,0.0,-0.02374169101041934,0.0933888142028727,-0.04941983652375026,-0.03223269172995691,0.04285718786473258,-0.06844441731770834,0.025078345539517377,-0.054341803920076814,-0.03960401555414428,0.19571424211774557,0.09955089505120829,-0.012958954482797824,-0.051556395597104454,0.02601456822701187,0.0013666869364088452,-0.0060483973048189865,0.06724301820611012,-0.04032254188043427,-0.04449005022619579,0.11196320505452406,-0.0757731534102597,-0.02667775722194632,-0.051629105125595265,-0.006561642342339247,-0.14157594644077276,0.06748468913843308,0.08597287508635931,-0.07606491137067084,-0.016365963513757742,-0.019321866674558485,-0.03950105186709507,-0.033855797386238784,-0.03917052311451563,0.0008333407549430127,-0.02766798926005487,-0.03281130390677911,0.004891632723626582,-0.018595072262501566,0.0
2022-06-19,-0.026666641235351562,0.019047636347833796,0.06548218062029298,0.06807510475865541,0.00897957938058025,0.07101081584806335,-0.0011947704920629576,-0.013767166436583267,0.0,-0.012109585534706313,-0.030465963910092042,0.0,0.013698616715036138,0.0,0.05280001794526279,0.04199788901012713,0.0,-0.009693904610188042,-0.002405196110909169,-0.0375939835247151,-0.04510214356424247,0.04444440127400284,0.0,0.13569316422034672,-0.022222258851686716,-0.025450765326142433,0.13276836158192085,0.011583000920442954,-0.01766784499927543,0.03796763321994323,-0.03423426172754784,-0.1323706770065921,0.0,-0.019831912257090356,-0.01436026878178187,0.0,0.0,0.20249216486741095,-0.03186271530717433,-0.023097785101720225,-0.007054666898553608,0.06278318957953077,-0.016766507416387855,0.012385543673457011,-0.0023712212408393274,-0.07856091804807652,-0.05121295290211314,-0.06321025199895691,0.003126600535309887,-0.04602515844609745,-0.03265303050778223,-0.0022059047923368436,0.005741159249874395,0.0686274335641941,0.022872826442796645,0.044170864456365866,0.03281339586437415,-0.05932810786211662,0.0,-0.03891046973934731,-0.01606762680333751,0.056961947275263825,-0.017871670148623675,0.0034246541787590346,-0.0178912208530565,-0.036697212923249456,-0.001777178956655412,-0.024742244931687862,0.03166071233571954,0.0006807507942472313,0.04449308061053325,0.004102560190054172,-0.03989182921633827,0.04731578422141913,-0.009465878545223072,-0.014401426854765753,-0.03361351188145911,-0.07808023994336433,0.06108371377578514,-0.0033462618809058098,0.0316916385023025,0.0803382902555152,-0.03170412714834192,-0.01268654438986705,-0.006896490489400442,-0.050000049670535285,0.010976990695760414,-0.02261087001269002,-0.002230505961024587,0.0021645517596426966,-0.018170002319514156,-0.004796158407816775,0.002497940629099693,0.006097482387142694,-0.03238242618711673,-0.015994466958376474,0.027368445145456333,0.0
2022-06-26,0.013698616715036138,0.006470176389299809,0.12148647795213097,-0.03626372635961983,-0.0428802223931497,0.008580392670222592,0.07715316797274041,0.058375638510965944,0.0,-0.02967745873235883,-0.016635800053448113,0.05679861049158297,0.03716215309157467,0.0,0.10410334279968603,0.01199040745448543,0.0,0.009273586120083444,0.10233060127560711,0.09947915476643421,0.011070110701107083,-0.09219858036105533,-0.006296434306030219,0.10454549417867298,-0.010101000370632551,0.10881393315126697,0.25336658354114716,-0.007633580839735754,0.034532410725446994,-0.003227512934368071,0.021455252959272864,-0.03398056647195924,0.0,0.025377207618635822,0.005298008058610915,0.0,0.0,-0.02331604057390191,-0.010126572498773356,0.0006953466106016659,-0.0355240287809756,0.0024359931786150923,0.029232615103901072,-0.012234018700539528,-0.03688530757266251,-0.05258962847660831,0.008522719191002448,0.005307100130817588,0.021298693372057587,0.0,0.04360055372127136,0.09801034156861932,0.06123509481808931,0.051376187083959524,-0.03398929291619612,-0.016643534663548065,-0.0015625241211482122,-0.03799395203098632,0.0,0.037449380695682155,0.08831109660311687,0.09709155428768801,-0.03308524128669832,0.09215016203919002,0.07359724774001664,-0.0007936689348472248,0.044510384748999154,0.004228325760225138,0.06311528284821066,-0.014966004753969253,0.0006982847890697474,0.0531154708671977,-0.0253520888389277,-0.038227673788705174,0.02184304824784955,-0.006392666305344519,-0.026086932184114286,-0.016317019426131063,0.01207059506587127,-0.00391728195045149,0.04296387882342634,0.1418786469060127,0.03547070008022324,-0.00831448282798064,0.010416573534412832,-0.07456143790665137,0.02062970462500968,0.01876904268184898,-0.005588673748548989,0.006479423807706386,0.005287503179177033,-0.026506055659419214,0.04983388556871371,0.01515167409703344,0.01752990148886413,0.038162577784753626,-0.02459013990675485,0.0
2022-07-03,0.0,-0.03357144764491493,0.05480029558230859,-0.06955536813131602,-0.03296704501497438,-0.025522037047047252,-0.09050533300389829,-0.05395686785001563,0.0,-0.02925527975428477,0.024436021317488565,-0.0684039227079567,0.033659111653931095,0.0,-0.03716448126387395,-0.021327049990702784,0.0,-0.044920932172580086,-0.07752124883714306,0.045949752975319225,-0.028467108733462587,-0.10156249854480848,-0.026497752053476042,-0.10582010202307679,-0.09693880281762102,0.0,-0.11142061281337046,0.08076924840374167,-0.0514603452871345,-0.07069623986766105,-0.07214613265642833,-0.028715044037433857,0.0,-0.09197324414715724,-0.07575761192919639,0.0,0.0,-0.05570292817226041,0.028132964880090316,-0.0020846963564470355,-0.09760584709509124,-0.11057101108023615,-0.07928989521658392,-0.01615504803396206,-0.0425531526343631,-0.047939498068949926,-0.04225348139821283,0.09351430993321541,-0.0233977155667785,-0.0438596078453517,-0.07816710481703204,-0.0416107177734375,-0.10220049264621534,-0.07329844239020744,-0.026851865980360268,-0.017630465064852552,-0.024517502901263866,-0.07540549338530078,0.0,-0.0614634257991139,0.026653529287054223,-0.05224172212540068,-0.10863982460876309,-0.09687498067505684,-0.021493212669683293,0.011914187189222547,-0.04147724581897805,-0.06947366814864309,0.0021786159214987055,-0.04005524461615262,0.10432084654432638,-0.07613974482414332,-0.04552023898085844,-0.05600721794499808,-0.030728124912603794,-0.019301473891368937,-0.05357148369051945,-0.060821446553710246,-0.043119238057267806,-0.06853932012037756,-0.018905487819690592,-0.02742071060258655,-0.04084320639622696,-0.06554877038231754,-0.07903775676562597,-0.02843599325241486,-0.05106378316123572,-0.05826902827923086,0.005994777594997558,0.07510738045712517,-0.05325446532447087,-0.10643566109341596,-0.012658219438971052,-0.06749560539000621,-0.06264684119478581,-0.06126617432524584,-0.07352948836978201,0.0
2022-07-10,-0.01351350045186761,0.13082043552819633,0.08538062205990427,-0.008578394133967882,0.033216742759427875,0.03412693317362603,-0.03113548848214054,0.012674259356750817,0.0,-0.02671228696222172,-0.03853211843970472,-0.029720210785373347,-0.03256306772169215,0.0,0.04932098101500637,0.033898342657174174,0.0,0.005344756085675861,-0.0002634512695143254,0.21942931748621475,0.0540946402560083,-0.01739128812274282,-0.011242635405109058,-0.007232123993256012,-0.011299424374029976,0.14818452316609787,-0.023734885803851302,0.007117431079635805,-0.027859245225528184,0.04703840915155211,-0.00984251983285922,-0.019955617843169238,0.0,0.009208103130755152,0.0035638055371705057,0.0,0.0,0.03370790053551764,0.007462738793704071,0.05501388273472352,-0.05306127016765694,0.021174826412061698,0.01799484096531212,-0.053092566852724454,-0.0022222730848524552,-0.0035335656299810836,0.01764704149899643,0.04413795471191406,-0.02031256674478188,0.0045871514481794495,-0.007309969242609737,-0.009803985471667054,-0.029956488351045252,0.10734466625304862,-0.034253078271999415,-0.05599430506514014,-0.024386683295076428,-0.04428697977762752,0.0,0.07172562809417515,0.03749999252610037,0.027149315586647793,0.09788862731487957,-0.006920490871662466,-0.02196531791907519,0.017268467109988084,-0.021932473078063675,-0.05429869769517204,-0.024456521739130488,-0.015107916828070889,0.04705877733065722,-0.019422516887295016,-0.005298992779869671,-0.015789470321974197,0.13645758173698597,0.008434878345300989,0.009434066238082961,0.043734187474719466,-0.029722013545649406,0.050060369548644124,0.00486818827953206,-0.0484581649559066,-0.02197806588435247,0.044045689992555426,0.012437858450770278,-0.009756088483765968,-0.023542604972064396,-0.006824385710526015,-0.09459960482861962,0.0019959584007662734,0.040277773546583795,-0.027700805412326446,0.027243525537727686,-0.0011173440329556028,-0.0016708819814117426,0.05946341679694522,-0.03401352011798742,0.0
2022-07-10,-0.01351350045186761,0.13082043552819633,0.08538062205990427,-0.008578394133967882,0.033216742759427875,0.03412693317362603,-0.03113548848214054,0.012674259356750817,0.0,-0.02671228696222172,-0.03853211843970472,-0.029720210785373347,-0.03256306772169215,0.0,0.04932098101500637,0.033898342657174174,0.0,0.005344756085675861,-0.0002634512695143254,0.21942931748621475,0.0540946402560083,-0.01739128812274282,-0.011242635405109058,-0.007232123993256012,-0.011299424374029976,0.14818452316609787,-0.023734885803851302,0.007117431079635805,-0.027859245225528184,0.04703840915155211,-0.00984251983285922,-0.019955617843169238,0.0,0.009208103130755152,0.0035638055371705057,0.0,0.0,0.03370790053551764,0.007462738793704071,0.05501388273472352,-0.05306127016765694,0.021174826412061698,0.01799484096531212,-0.053092566852724454,-0.0022222730848524552,-0.0035335656299810836,0.01764704149899643,0.04413795471191406,-0.02031256674478188,0.0045871514481794495,-0.007309969242609737,-0.009803985471667054,-0.029956488351045252,0.10734466625304862,-0.034253078271999415,-0.05599430506514014,-0.024386683295076428,-0.04428697977762752,0.0,0.07172562809417515,0.03749999252610037,0.027149315586647793,0.09788862731487957,-0.006920490871662466,-0.02196531791907519,0.017268467109988084,-0.021932473078063675,-0.05429869769517204,-0.024456521739130488,-0.015107916828070889,0.04705877733065722,-0.019422516887295016,-0.005298992779869671,-0.015789470321974197,0.13645758173698597,0.008434878345300989,0.009434066238082961,0.043734187474719466,-0.029722013545649406,0.050060369548644124,0.00486818827953206,-0.0484581649559066,-0.02197806588435247,0.044045689992555426,0.012437858450770278,-0.009756088483765968,-0.023542604972064396,-0.006824385710526015,-0.09459960482861962,0.0019959584007662734,0.040277773546583795,-0.027700805412326446,0.027243525537727686,-0.0011173440329556028,-0.0016708819814117426,0.05946341679694522,-0.03401352011798742,0.0
2022-07-17,0.013698616715036138,-0.004575205727181952,0.04267159873745552,-0.022249728279448933,-0.010998269508691538,0.08442060587632572,0.03843728173131966,0.008135236034996884,0.0,-0.07670660582050293,-0.00190834971020315,-0.026126121791594903,0.04343101160407303,0.0,-0.036103593031525216,-0.039812663526107794,0.0,0.004253052949358294,0.022134371268733632,0.0779944453472523,0.019244453952336205,0.008849549119871458,0.004787662204543519,0.20993375462412045,-0.02571426119123188,0.07179488600698103,0.03729360037987384,0.042402871806623166,-0.013574683413935307,0.016084248315836547,0.10337973840580394,-0.021116190181930228,0.0,-0.058394160583941646,0.002840906397000742,0.0,0.0,-0.12771739676200367,0.014814799988603022,-0.004620441902588701,0.02586214781232954,-0.03946489365319206,0.039141346332845384,-0.0393062675037833,-0.0022271163818317063,-0.029255313077842793,-0.020231194355791682,0.04161163145011226,-0.01913868757172199,0.013698616715036138,0.0736377029173867,0.04172566767996244,-0.04941039793119606,0.08333329278595669,-0.028571443604718305,-0.05627374848554334,-0.05565636284568931,-0.05097314111949347,0.0,0.041222038774305636,0.0046338898525117855,-0.030836947200203912,0.05244758771657443,0.13588854371267756,0.016075621259973305,-0.0015432451932717584,0.00787873701615771,-0.03110039304844403,-0.016155954855066157,-0.0065740833946069666,0.17977524628438712,-0.03158459009363157,-0.011415568362661,-0.03597470987344553,-0.021831450294019672,-0.05483272676930073,0.009345785021542818,-0.0346495012460013,-0.043873467844890435,-0.0298679619743345,-0.032297179233940376,0.02222220063700142,0.0,-0.04843747615814209,-0.06019658811897588,0.029556622475449545,-0.022962090515407874,-0.009619817105626538,-0.06293707391040892,-0.017928317316702413,-0.022696876455499337,-0.005698000279445559,-0.005460148088162198,-0.04586128262374378,-0.030125494763450056,0.01642715600255773,-0.01877943573824914,0.0
2022-07-24,0.054054001807470664,0.048588361591232365,0.06049817909297506,0.09228830720514836,-0.009409738749041718,-0.00960579202418621,0.1116504977971744,0.1154561534782177,0.0,0.017530511472993116,0.047801147053205595,0.03422755515232456,0.019771128079656197,0.0,0.01401722556615237,0.03353658536585358,0.0,-0.007411296674003864,0.032482614853760694,-0.09646853656711019,-0.008391587050644689,0.052631633983975634,0.09589032848199586,-0.09414338935711553,0.12316710478118731,0.14035089587207317,-0.03153055644476499,0.07118645245848754,0.04281348798800533,0.036026193144455876,0.03603603603603611,0.083975361404373,0.0,0.03100775193798455,0.0694051348338125,0.0,0.0,-0.043613739327240664,0.05231135493100081,0.05437663648738633,0.0336134117055904,0.1274373900510115,0.0012150947069333728,0.028880837424703154,0.10044638556903429,0.07579908111082934,0.09439525762251955,0.06341153905976538,0.07588073499392234,0.036036001204980295,-0.03566526109810697,0.016293237248889092,0.06320139843689798,0.10047101331565922,0.007302243730684221,0.05398872558678258,0.012812299306854236,0.04492187972937245,0.0,0.012109931867585688,0.0184502072570365,0.11880164914717084,-0.04568107910942343,0.1134969708773168,0.13168917568880767,-0.008500746541290627,0.04088997832182906,0.08765432156907438,-0.03737262670108277,0.049999950913823366,0.25238106375108726,0.09065778749669184,0.07159355824189739,0.04135147241447745,0.027278397827064982,0.02949854360710935,0.2592592224662702,0.10350590752702216,0.09962793692455763,0.05920668433583387,0.04401336401323985,0.1512681233753954,0.02528094214451615,0.06403943231793896,0.026143765591094548,0.11961722979274114,0.0622796379220345,0.049028706073725115,0.08911326944603037,0.026369192488334692,0.0,0.12034386107342598,0.004482242979910955,0.021102029403356592,0.053494381138609715,0.015488176582177493,0.11722494451634402,0.0
2022-07-31,0.05128208067290285,0.14715086966198432,0.16359060821509153,-0.001157433852368328,0.015544001510593652,0.09846829888500785,0.06222704195625672,0.004451860142621333,0.0,-0.02771533294563433,0.007299263086460783,-0.0071556280431422925,0.025510203585134228,0.0,0.03508771929824572,0.08672564571234331,0.0,-0.002666625976562531,-0.006242197253433224,-0.0038131698766489253,0.02186171211572585,0.00833332505491069,0.05543480863643335,0.02296074351515287,0.010443854477762526,-0.010489550363906752,-0.023287671232876672,-0.022151952455715107,0.10703812326967377,-0.013698642526479232,-0.007826100225033938,-0.01847898229188749,0.0,0.1383458187705593,-0.038410590003548184,0.0,0.0,0.016286629773138106,0.02312147650399954,0.12012582455041265,-0.014227676946319434,0.016676871001150673,-0.0036407443937489514,0.028070148042597554,0.058823523722262516,-0.03310690988870424,0.016172491148951362,0.18604644285745153,0.0579344884851396,-0.013043466092057199,0.012802229454440761,0.013360053712569542,0.02222220102945971,0.058487850788202955,-0.027788986555688622,0.08103978790516386,0.02593289491742401,-0.0028037134117716578,0.0,0.05614363766238584,0.14311587595930342,0.037857787244582664,-0.027850278607366552,0.02754818222587585,-0.016241763971250434,-0.014809008691593073,0.09012139927331231,0.019296153748313394,-0.012352977079503669,0.05182078001611501,-0.13688217408725578,0.007095859110253233,-0.003591967705518506,0.07699758750412289,0.02595053187056462,0.042024791705966624,0.25735295600029007,0.06051438536881837,0.062030059957431716,-0.022798406902906687,0.00699305283024243,0.003933925301714769,0.13013695677307968,0.13888888234791308,-0.003821622080974474,0.1282052144182928,0.0,0.04585535166025112,0.08182179481486562,0.02766795811635747,0.006147486120423595,-0.002557542261826362,-0.0015624761581420898,-0.036739344824652576,-0.010647019986467332,-0.023209569050567702,0.01713060436811409,0.0
2022-08-07,0.036585403970846864,-0.0027292160422182077,0.15212693992624504,0.08574736515702863,0.03571432510316708,0.003984028172019816,0.0005138864004272659,0.062049910613502623,0.0,0.0338982572652935,0.07789851989572805,0.061261200732628085,0.025870669049492312,0.0,0.037288148524397435,0.03745933371113064,0.0,0.08181811320185073,0.02788946257164726,0.34736845025605567,0.06625263290469019,0.06611563734210191,0.044799219146008706,-0.0005907034950557444,0.06459948511442493,0.024028279982611478,0.05128562467128339,0.1326861156049286,0.017880761408502366,0.0005342002803760959,0.051709041233835684,-0.0014482590264994766,0.0,0.03797886546766582,0.07988979413508712,0.0,0.0,0.08333340974954728,0.020338908897490127,0.03088152617357731,0.08041234518645668,0.1755772453063693,0.028014560434550306,0.020477850507047757,0.2298851215199449,0.017559245235877707,0.1273209606105945,-0.09753638442636847,0.09904761541457408,0.07048461990091459,0.01123594452133525,0.04021098369301135,0.07228260604780878,0.040431227872378406,0.07912178524043978,0.031117367022630793,0.038224396207729994,0.03280228481416225,0.0,0.024836587184113634,0.06814589909773283,0.03202845574065427,0.055505808533959256,0.07506707999371542,-0.020689642416895193,0.015822769290571248,-0.012188735524947925,0.027839645071712438,0.04407390961452795,0.043941399953217886,0.03744495104016665,0.11021633287427068,0.0223504269772532,0.11960431091669799,0.05000002243939572,0.07241062996352077,0.2923976542958566,0.027104076202520755,0.0663716814159292,0.03073288743610747,0.1547618849387431,0.048589331852497475,0.02303025216767285,0.14092132068328778,0.12659849440195026,0.2045454319679385,0.04424774559935751,-0.018128174987692258,0.002235492239791359,0.05576922547887753,0.09708081124343848,0.09999996332021954,0.034428746411707234,0.03098918528822736,0.12251659811737747,0.08553969576074016,0.10315784655119242,0.0
2022-08-14,-0.02352945878843815,0.023535867236010644,0.007509367492649632,0.06723587215960003,-0.0369458118821866,-0.019841282606185007,0.014894757357717614,-0.03755864947777754,0.0,0.02384498525343748,0.2151260925782177,0.04244482269388716,0.08923366490549878,0.0,0.05490190774129844,0.13971740499986818,0.0,-0.06574394235300263,0.1026643837041954,0.06605115660643235,0.005825203213491115,0.0,0.08329219075666372,0.04491729456614846,0.12378646675924099,-0.02139402835328419,0.03882245329468259,0.011428560529436416,-0.024072861959271497,0.08702622039256158,-0.034999974568684866,0.021754908742911416,0.0,0.07604207872195534,0.1320152840903286,0.0,0.0,0.15384614299414778,-0.07308968626015078,0.12309362795981849,0.05725194729747973,-0.038242881474401136,0.10663514418844522,-0.04793760227146715,-0.07165109543308845,0.012079325953863629,0.2752941355985754,-0.010027871728419013,0.09185445607631437,0.15226332320757563,0.00694447111936336,0.03675540519384812,0.04662950317482206,-0.0841968440667713,-0.058349274277620045,-0.11385458546629112,-0.10035626192999048,-0.007259607446205685,0.0,0.048044181070311165,-0.013353166031652819,0.18793106079101562,0.03562341625554466,0.007481229740367468,0.008749479406984673,0.030373783879576788,0.12017166547559688,0.06283866805478122,0.02053617103283023,0.047831631722126566,-0.0169851216683915,0.07343612322994186,0.20803940705939583,0.05622488513969337,0.033613466030655736,0.035042722572305784,0.17647052477546588,0.14999999337726155,0.004979240449137778,0.02064212683364941,0.07216496061652844,-0.01121080500161542,0.1338862761400279,-0.009501133626584779,0.01589096288085412,0.0849056525969969,-0.02224576774170217,-0.006440532586130865,0.09144983681604324,-0.02732233602620393,0.011138632851200647,0.05361305853581877,0.009077132949647515,0.04277466538157659,0.02286131683992565,0.018761831763391523,0.0381679951981404,0.0
2022-08-21,0.04819279790599551,0.04278070611879459,-0.13043478260869568,0.060000038146972745,-0.016197796048142865,-0.026315748831266306,0.19331982037332107,-0.033604380140666135,0.0,0.034934521579193634,-0.06224063735518548,0.039902340020159244,-0.0356188454884494,0.0,0.05762083893090142,-0.022956840816993895,0.0,-0.032804176952305086,-0.03125694061790818,0.10992671105303531,0.07464611685404998,0.1782945937014615,0.10737036667433197,0.14705882099101864,0.07127427981627665,0.019040867297499542,-0.0194777397260274,0.03389834047197171,0.03666667938232426,-0.025540296766950465,0.0008635446587716977,0.05464865122431739,0.0,-0.010053294770377308,0.150422539509518,0.0,0.0,0.02564100056083385,0.06212669831224704,0.028128046254111583,0.028880839081917964,0.054809162652454724,0.006423925584814638,0.00761119211635175,0.17281874603669123,0.03495318133731651,0.26752763631999965,-0.01631969094298158,0.0865078703105906,-0.057142803620318094,0.13931037639749455,-0.08985337199639232,0.12445519333172439,-0.053748246847867054,0.06807990336515224,0.006191944522728088,0.02310231023102305,0.11151739614473222,0.0,-0.019066909558942857,0.07702117045417078,0.07692300878066893,-0.003276000141528068,0.08168315020347028,0.017347115459480422,0.06651550603849588,-0.030172374812656444,0.1824668588467775,0.1928451714758721,0.1046865052590813,-0.03887695480057596,0.03885135407252749,-0.004670165068617282,0.00760459196734975,0.0113820637283919,0.061932289121615636,0.3461538955304768,-0.054951683379195315,0.004128819209744616,0.05112358912451187,0.09775638341276749,0.07407411412086806,0.08672935738492726,0.022781792459432237,0.007821301674897141,0.17681156135211396,0.03791986986219564,0.06222994613264854,0.113419574593701,0.14232204687791317,-0.0354957110336499,0.030973421919550104,-0.006746581241845906,0.02217292673117255,0.028118265792403285,-0.008735970748925292,0.042279414826146944,0.0
2022-08-28,0.2528735947177405,0.08871792524288868,0.03928571428571437,0.13018859538713157,-0.031195826919584446,-0.0020790496196141373,-0.012298516077905552,0.01233871644957163,0.0,0.008438797285480693,0.047197593646278735,0.045418943063031625,0.14773780173049178,0.0,0.026947920330705477,0.061090224687816885,0.0,0.028446309129240177,0.002517176438250779,0.09123647293744863,-0.05149704253602172,-0.026315764707210976,0.048685269454133095,-0.019723865580904998,0.05645155863260798,-0.027681634865752702,0.02942584690842609,0.08196719816420295,0.10610936025503759,-0.04435489220500077,-0.0034512641985564585,-0.007402399678240856,0.0,0.012246135761662336,0.22428990727689002,0.0,0.0,-0.029999971389770508,0.020247395337466,0.009433962264151052,0.250877254916986,0.010697962343320322,-0.022340430496720298,0.040674073223572194,0.10586556111388079,0.04365730790631339,0.17903937647744916,0.011441691543309096,0.049671316728904014,-0.003787875024959475,0.006053291688786322,-0.039623869297040204,0.012058600125990138,0.09715995363346708,0.08683204398025501,0.01153843219463635,-0.010322620022681472,-0.003289470588401344,0.0,-0.01778330437339737,-0.021337125674029345,0.10175206687709548,-0.0016434229776737252,0.05491996664540366,0.00020795613388413514,0.07441532362036418,-0.008395065495997334,0.1293103405751741,-0.04498590027787586,-0.1663911607472477,-0.03595502343145751,0.03414634713667053,-0.06451609835878513,-0.006603744794737576,0.08681676594215348,-0.04743387814637445,0.09428569248744423,0.05303514018769051,0.0320723813718542,0.15339395936236033,0.017518203623973605,-0.03096408016904395,-0.015384601277006582,0.014067959030600097,-0.031042203152496062,0.13793102233300925,0.11482258770667997,0.00976401084901135,0.051391919927250784,0.01639342724524062,0.11040607524417623,0.2982833452440301,0.009811343786851445,0.015184315140324145,0.04838706657141523,-0.02065846995174736,0.2345678846225654,0.0
2022-09-04,-0.03669732095175382,-0.036740404904159085,0.005498302761222096,0.0876460960647798,-0.009839052535681736,0.05833334547502056,0.13890075465158835,0.08642667253348102,0.0,-0.023012468154991028,-0.05774645815763957,0.020224681376348475,0.10860815725268158,0.0,-0.01254998357591186,-0.038972555061217995,0.0,-0.011702091610770182,0.008902063095527213,-0.11056108782238705,-0.002525214090259187,-0.04054058190241916,0.023506381603788373,-0.0010060208509661273,0.05343515687761191,0.04626331741681455,0.024725412970319383,0.022727311040634524,-0.013372176708302264,-0.011603339872239826,0.03463203463203457,-0.044745752366922686,0.0,-0.0129831631033559,-0.02480003356933591,0.0,0.0,0.04123707285899503,0.07386991166893653,0.08971961190767375,0.2594669562555083,0.027721735525733093,0.029379811761907737,0.008375188152329738,0.14359639466694962,-0.040252582936922465,0.1444444470608348,0.0520362025120904,-0.022964504268206953,-0.007604645807912647,-0.03128763125788492,0.008391587050644578,-0.017021260362990343,0.09264309142228444,-0.004389815568934807,0.034220591330309746,0.028683242049165836,-0.03382837056794219,0.0,-0.03452630293996706,0.01526156069460316,0.04831800548308496,0.0748971876261264,0.08459866706951313,0.07629940167781957,-0.01846963956394687,0.022908416014395527,0.0633587709569925,0.01766433165269521,-0.00793125476876555,-0.03379952965404742,0.029874222206260903,0.012539173144626492,0.014245013832171693,-0.019230832534137376,0.018775472835618645,0.10966059651707183,0.08798548563203967,-0.02151391990631224,0.01297500869487589,0.03012921370821653,0.09150321229634528,0.03906255675247072,0.06358381502890165,0.005720845771654659,0.28787877849592336,0.0168538713818418,-0.018533404114770446,-0.020075717686929284,0.13548389974667652,0.07200001307896198,0.37851237845578845,0.0022421752235817216,-0.0032050997939716552,0.07224086228489779,0.1483190500121394,0.11571427753993446,0.0
